-- Active: 1775981929461@@localhost@3306@GRAB
USE GRAB;

INSERT INTO USER_ACCOUNT
(NAME, PHONE_NUMBER, EMAIL, ACCOUNT_PASSWORD, GENDER, AVATAR) VALUES
('Đặng Quí', '0474213546', 'dangqui@example.com', 'dangqui', 'Male', NULL),
('Vương Anh Tuấn', '036988860', 'vuonganhtuan@example.com', 'vuonganhtuan', 'Male', NULL),
('Lạc Toàn Quân', '0119094843', 'lactoanquan@example.com', 'lactoanquan', 'Male', NULL),
('Chu Minh Thức', '0276301993', 'chuminhthuc@example.com', 'chuminhthuc', 'Male', NULL),
('Phan Ngọc Giác', '0257991897', 'phanngocgiac@example.com', 'phanngocgiac', 'Male', NULL),
('Vương Kim', '0880550902', 'vuongkim@example.com', 'vuongkim', 'Female', NULL),
('Trương Thị Vy', '0393012273', 'truongthivy@example.com', 'truongthivy', 'Female', NULL),
('Ngô Tham', '0438911414', 'ngotham@example.com', 'ngotham', 'Male', NULL),
('Đào Bình Viện', '0478471276', 'daobinhvien@example.com', 'daobinhvien', 'Male', NULL),
('Trương Trúc Nam', '0772619483', 'truongtrucnam@example.com', 'truongtrucnam', 'Female', NULL);

-- coi lại user_notification này đi. viết đơn giản hóa lại để phù hợp với bảng discount. 
-- Summary: ko cần chia mức, cứ giảm số hoặc phần trăm, nói rõ. 
INSERT INTO USER_NOTIFICATION
(TITLE, CONTENT,TIME) VALUES
('Deal sốc năm mới','Từ 1/1/2026 đến ngày 3/1/2026, giảm 30% cho cuốc đi xe ôtô.','2026-01-01 09:30:00'),
('Khao trọn ngày cá tháng tư','Trong ngày 1/4/2026, giảm 15% nếu thanh toán bằng thẻ tín dụng OCB','2026-04-01 09:00:00'),
('Ưu đãi từ BIDV','Từ hôm nay đến ngày 31/12/2026, BIDV có ưu đãi dành cho chủ thẻ BIDV, giảm 10.000 cho các cuốc >= 30.000','2026-02-02 09:30:00'),
('Liên kết ví Momo, trao deal liền tay!','Đến 1/6/2026, liên kết ví Momo để nhận ngay ưu đãi giảm 30.000 cho cuốc đi xe ôtô.','2026-02-13 09:30:00'),
('Ưu đãi đặc biệt từ Vietcombank','Từ hôm nay đến ngày 1/5/2026, Vietcombank có ưu đãi dành cho chủ thẻ Vietcombank, giảm 20% cho các cuốc của tất cả các loại phương tiện','2026-02-14 09:30:00');

INSERT INTO ACCOUNT_NOTIFICATION
(ACCOUNT_ID, NOTIFICATION_ID) VALUES
(1,1),
(1,2),
(1,3),
(1,4),
(1,5),
(2,1),
(2,2),
(2,3),
(2,4),
(2,5),
(3,1),
(3,2),
(3,3),
(3,4),
(3,5),
(4,1),
(4,2),
(4,3),
(4,4),
(4,5),
(5,1),
(5,2),
(5,3),
(5,4),
(5,5);

INSERT INTO ACCOUNT_COMMUNICATION
(ACCOUNT_ID, COMMUNICATION_TYPE) VALUES
(1, 'Email'),(1, 'SMS'),(1, 'Push Notification'),
(2, 'Email'),(2, 'SMS'),(2, 'Push Notification'),
(3, 'Email'),(3, 'SMS'),(3, 'Push Notification'),
(4, 'Email'),(4, 'SMS'),(4, 'Push Notification'),
(5, 'Email'),(5, 'SMS'),(5, 'Push Notification'),
(6, 'Email'),(6, 'SMS'),(6, 'Push Notification'),
(7, 'Email'),(7, 'SMS'),(7, 'Push Notification'),
(8, 'Email'),(8, 'SMS'),(8, 'Push Notification'),
(9, 'Email'),(9, 'SMS'),(9, 'Push Notification'),
(10, 'Email'),(10, 'SMS'),(10, 'Push Notification');

INSERT INTO DISCOUNT
(MAX_USAGE,VALID_UNTIL_DATE,DISCOUNT_TYPE,PERCENTAGE_DISCOUNT,AMOUNT_DISCOUNT) VALUES
(5, '2026-01-03 23:59:59', 'Percentage', 0.30, NULL),
(5, '2026-04-01 23:59:59', 'Percentage', 0.15, NULL),
(5, '2026-12-31 23:59:59', 'Amount', NULL, 10000),
(5, '2026-12-31 23:59:59', 'Amount', NULL, 30000),
(5, '2026-06-01 23:59:59', 'Percentage', 0.20, NULL),
(5, '2026-05-01 23:59:59', 'Amount', NULL, 15000),
(5, '2026-05-01 23:59:59', 'Amount', NULL, 50000);

INSERT INTO PASSENGER
(ACCOUNT_ID, GRABCOINS) VALUES
(1,64),
(2,20),
(3,42),
(4,22),
(5,12);

INSERT INTO DRIVER
(ACCOUNT_ID, DRIVER_LICENSE_GRADE, CURRENT_BALANCE) VALUES
(6,'A1',1000000),
(7,'A1',1500000),
(8,'B2',750000),
(9,'A1',600000),
(10,'A2',2000000);

INSERT INTO REFERRAL
(DRIVER_ID, REFERRER_ID) VALUES
(6,10),
(7,6),
(8,6),
(9,6),
(10,6);

INSERT INTO BANK_ACCOUNT
(BANK_NAME,ACCOUNT_NUMBER,DRIVER_ID) VALUES
('BIDV','179784021',6),
('BIDV','513661723',7),
('BIDV','551768767',8),
('Vietcombank','802767',9),
('Vietcombank','370610',10);

-- Làm gì có chuyện một trip driver dùng hai ba vehicle, phân thân ra à? Bởi vậy nó mới unique đấy.
INSERT INTO VEHICLE
(PLATE_NUMBER,MAKE,MODEL,COLOR,CAPACITY,REGISTRANT_ID,USING_DRIVER_ID) VALUES
('52E-556.83','Ford','EcoSport','Bạc',6,8,NULL),   #tài số 8 ko xài xe hơi này hôm nay
('57A-987.55','Mitsubishi','Xpander','Bạc',6,8,8), #tài số 8 xài xe hơi này hôm nay
('51Y-501.65','Toyota','Fortuner','Bạc',6,8,NULL), #tài số 8 ko xài xe hơi này hôm nay
('57HA-092.11','Honda Moto','Future Neo','Xanh lam',1,6,NULL),  #tài số 6 ko xài xe này hôm nay
('51UHB-538.39','Honda Moto','Wave 110','Xanh lam',1,6,6), #tài số 6 xài xe này hôm nay
('51II-780.77','Honda Moto','Wave Alpha','Xanh lam',1,7,7), #tài số 7 xài xe này hôm nay
('54OS-179.36','Honda Moto','Winner X 150','Xanh lam',1,7,NULL),  #tài số 7 ko xài xe này hôm nay
('59E-976.72','Honda Moto','CBR500R','Xanh lam',1,9,9), #tài số 9 xài xe này hôm nay
('50GNX-323.43','Honda Moto','CBR650R','Xanh lam',1,9,NULL), #tài số 9 ko xài xe này hôm nay
('55JB-155.65','Honda Moto','CBR650R','Xanh lam',1,10,10); #tài số 10 đang chạy xe này

INSERT INTO TRANSPORT_MODE
(TYPE, SEAT_CAPACITY, SERVICE_LEVEL) VALUES
('Bike', 1, 'Standard'),
('Bike', 1, 'Saver'),
('Car', 4, 'Standard'),
('Car', 4, 'Saver'),
('Car', 4, 'Electric'),
('Car', 6, 'Standard');

INSERT INTO VEHICLE_CATEGORIZATION (VEHICLE_ID, MODE_ID) VALUES
(1, 6),  -- EcoSport → Car 6-seat Standard
(2, 6),  -- Xpander  → Car 6-seat Standard
(3, 6),  -- Fortuner → Car 6-seat Standard
(4, 1),  -- Future Neo → Bike Standard
(4, 2),  -- Future Neo → Bike Saver
(5, 1),  -- Wave 110
(5, 2),
(6, 1),  -- Wave Alpha
(6, 2),
(7, 1),  -- Winner X 150
(7, 2),
(8, 1),  -- CBR500R
(8, 2),
(9, 1),  -- CBR650R (driver 9)
(9, 2),
(10, 1), -- CBR650R (driver 10)
(10, 2);

-- TRIP rows 8,9,10 — passenger 5 has 3 ONGOING trips:
INSERT INTO TRIP
(
FROM_ADDRESS, FROM_Y, FROM_X,
TO_ADDRESS, TO_Y, TO_X,
BOOKING_TIME, STATUS, PICKUP_INFO, ESTIMATED_PRICE, USED_GRABCOINS, FINAL_PRICE,
PASSENGER_ID, MODE_ID, BOOKING_TYPE, REQUEST_TIME) VALUES
(
 'Sân bay Tân Sơn Nhất, Phường 2, Tân Bình, HCM', 10.818927, 106.665444,
 '268 Đ. Lý Thường Kiệt, Phường Diên Hồng, HCM', 10.772011, 106.657882,
 '2026-01-03 08:10:00', 'COMPLETED',  NULL, 42000, 0, 29400,
 1, 6, 'Standard', NULL),

(
 'Khu phố Tân Lập, Phường Đông Hòa, TP.HCM', 10.880458, 106.805564,
 'Bến xe Miền Đông, Bình Thạnh, HCM', 10.814300, 106.714500,
 '2026-04-01 14:30:00', 'COMPLETED', NULL, 100000, 0, 85000,
 3, 1, 'Standard', NULL),

(
 '1 Đ. Lữ Gia, Phường 15, Phú Thọ, HCM', 10.769086, 106.658159,
 'Chợ Bến Thành, Phường Bến Thành, Quận 1, HCM', 10.772300, 106.698200,
 '2026-02-10 09:45:00', 'COMPLETED', NULL, 35000, 0, 25000,
 5, 1, 'Standard', NULL),

(
 '268 Đ. Lý Thường Kiệt, Phường Diên Hồng, HCM', 10.772011, 106.657882,
 'Landmark 81, Vinhomes Central Park, Bình Thạnh, HCM', 10.794700, 106.722100,
 '2026-02-14 10:00:00', 'COMPLETED', NULL, 55000, 0, 25000,
 4, 6, 'Standard', NULL),

(
 '268 Đ. Lý Thường Kiệt, Phường Diên Hồng, HCM', 10.772807, 106.658603,
 '10-12 Đinh Tiên Hoàng, Sài gòn', 10.785892, 106.702513,
 '2026-02-20 07:30:00', 'COMPLETED', NULL, 40000, 0, 32000,
 2, 1, 'Standard', NULL),

(
 '1 Đ. Lữ Gia, Phường 15, Phú Thọ, HCM', 10.769086, 106.658159,
 'Phố đi bộ Nguyễn Huệ, Quận 1, HCM', 10.773600, 106.703800,
 '2026-03-01 20:00:00', 'COMPLETED', NULL, 40000, 0, 40000,
 1, 1, 'Standard', NULL),

(
 'Chợ Bến Thành, Phường Bến Thành, Quận 1, HCM', 10.772300, 106.698200,
 'Sân bay Tân Sơn Nhất, Phường 2, Tân Bình, HCM', 10.818927, 106.665444,
 '2026-03-10 05:50:00', 'COMPLETED', NULL, 60000, 0, 60000,
 1, 1, 'Standard', NULL),

(
 '268 Đ. Lý Thường Kiệt, Phường Diên Hồng, HCM', 10.772807, 106.658603,
 '153 Nguyễn Chí Thanh, Street, An Đông, Hồ Chí Minh, Vietnam',10.759362, 106.666394,
 '2024-04-01 14:00:00', 'CANCELLED', NULL, 90000, 0, 90000,
 5, 1, 'Scheduled', '2024-04-01 07:00:00'),

(
 '268 Đ. Lý Thường Kiệt, Phường Diên Hồng, HCM', 10.772807, 106.658603,
 '153 Nguyễn Chí Thanh, Street, An Đông, Hồ Chí Minh, Vietnam',10.759362, 106.666394,
 '2024-04-02 14:00:00', 'CANCELLED', NULL, 60000, 0, 60000,
 5, 1, 'Scheduled', '2024-04-01 07:05:00'),

 (
 '268 Đ. Lý Thường Kiệt, Phường Diên Hồng, HCM', 10.772807, 106.658603,
 '153 Nguyễn Chí Thanh, Street, An Đông, Hồ Chí Minh, Vietnam',10.759362, 106.666394,
 '2024-04-03 14:00:00', 'CANCELLED', NULL, 130000, 0, 130000,
 5, 1, 'Scheduled', '2024-04-01 07:11:00'),

(
'268 Đ. Lý Thường Kiệt, Phường Diên Hồng, HCM', 10.772807, 106.658603,
'86 Đ. Số 23, Tân Mỹ, Hồ Chí Minh 70000, Vietnam',10.714079, 106.728499,
'2019-03-20 14:00:00', 'CANCELLED', NULL, 60000, 0, 60000,
4, 1, 'Standard', NULL
),
(
'268 Đ. Lý Thường Kiệt, Phường Diên Hồng, HCM', 10.772807, 106.658603,
'86 Đ. Số 23, Tân Mỹ, Hồ Chí Minh 70000, Vietnam',10.714079, 106.728499,
'2019-03-05 14:00:00', 'CANCELLED', NULL, 60000, 0, 60000,
4, 1, 'Standard', NULL
),
(
'268 Đ. Lý Thường Kiệt, Phường Diên Hồng, HCM', 10.772807, 106.658603,
'86 Đ. Số 23, Tân Mỹ, Hồ Chí Minh 70000, Vietnam',10.714079, 106.728499,
'2019-02-02 14:00:00', 'CANCELLED', NULL, 60000, 0, 60000,
4, 1, 'Standard', NULL
),
(
'268 Đ. Lý Thường Kiệt, Phường Diên Hồng, HCM', 10.772807, 106.658603,
'86 Đ. Số 23, Tân Mỹ, Hồ Chí Minh 70000, Vietnam',10.714079, 106.728499,
'2019-01-19 14:00:00', 'CANCELLED', NULL, 60000, 0, 60000,
4, 1, 'Standard', NULL
),
(
'268 Đ. Lý Thường Kiệt, Phường Diên Hồng, HCM', 10.772807, 106.658603,
'86 Đ. Số 23, Tân Mỹ, Hồ Chí Minh 70000, Vietnam',10.714079, 106.728499,
'2019-09-19 14:00:00', 'CANCELLED', NULL, 60000, 0, 60000,
4, 1, 'Standard', NULL
),
(
'268 Đ. Lý Thường Kiệt, Phường Diên Hồng, HCM', 10.772807, 106.658603,
'86 Đ. Số 23, Tân Mỹ, Hồ Chí Minh 70000, Vietnam',10.714079, 106.728499,
'2019-12-01 14:00:00', 'CANCELLED', NULL, 60000, 0, 60000,
4, 1, 'Standard', NULL
);

INSERT INTO TRIP_DISCOUNT
(TRIP_ID, DISCOUNT_ID) VALUES
(1,1),
(2,2),
(3,3),
(4,4),
(5,5);

INSERT INTO CANCELLED_TRIP
(TRIP_ID, CANCELLATION_REASON) VALUES
(8,'Sai địa điểm'),
(9,'Sai địa điểm'),
(10,'Sai địa điểm'),
(11,'Kế hoạch thay đổi'),
(12,'Kế hoạch thay đổi'),
(13,'Kế hoạch thay đổi'),
(14,'Kế hoạch thay đổi'),
(15,'Kế hoạch thay đổi'),
(16,'Kế hoạch thay đổi');

INSERT INTO ASSIGNED_TRIP
(TRIP_ID, FROM_TIME, DRIVER_ID) VALUES
(1,'2026-01-03 08:15:00',8),
(2,'2026-04-01 14:35:00',9),
(3,'2026-02-10 09:50:00',9),
(4,'2026-02-14 17:05:00',8),
(5,'2026-02-20 07:35:00',7),
(6,'2026-03-01 20:05:00',6),
(7,'2026-03-10 05:55:00',6);

INSERT INTO COMPLETED_TRIP
(TRIP_ID,TO_TIME,OBTAINED_GRABCOIN,RATING_STARS,FEEDBACK,DRIVER_PAY) VALUES
(1,'2026-01-03 08:30:00',14,5,'Chuyển đi 5 sao',29400),#discount: percentage 0.3
(2,'2026-04-01 15:03:00',42,5,'Chuyển đi 5 sao',85000),#discount: percentage 0.15
(3,'2026-02-10 10:04:00',12,5,'Chuyển đi 5 sao',25000),#discount: amount 10k
(4,'2026-02-14 17:29:00',22,5,'Chuyển đi 5 sao',25000),#discount: amount 30k
(5,'2026-02-20 07:55:00',20,5,'Chuyển đi 5 sao',32000),#discount: percentage 0.2
(6,'2026-03-01 20:22:00',20,5,'Chuyển đi 5 sao',40000),
(7,'2026-03-10 06:11:00',30,5,'Chuyển đi 5 sao',60000);

INSERT INTO PAYMENT_METHOD 
(TYPE, ACCOUNT_IDENTIFIER, PASSENGER_ID) VALUES
('Card','OCB374777',3),
('Card','OCB315089',3),
('Card','BIDV16689',5),
('E-Wallet','MOMO0276301993',4),
('Card','VCB5465155',2);

INSERT INTO PAYMENT_TRANSACTION
(PAYMENT_AMOUNT, DATE_TIME, PAID_BY_CASH, TIP, TRIP_ID, PAYMENT_METHOD_ID) VALUES
(29400,'2026-01-03 08:32:00',TRUE,0,1,NULL),
(85000,'2026-04-01 15:05:00',FALSE,0,2,1),  
(25000,'2026-04-01 15:03:00',FALSE,0,3,3),  
(25000,'2026-02-14 17:29:00',FALSE,0,4,4), 
(32000,'2026-02-20 07:57:00',FALSE,0,5,5), 
(40000,'2026-03-01 20:24:00',TRUE,0,6,NULL),
(60000,'2026-03-10 06:13:00',TRUE,0,7,NULL);

INSERT INTO SAVED_LOCATION
(PASSENGER_ID, SUGGESTIVE_NAME, ADDRESS, COORDINATE_Y, COORDINATE_X) VALUES
(1,'BK cs2','khu phố Tân Lập, Dong Hoa, Ho Chi Minh, Vietnam',10.880365, 106.805598),
(1,'bk cs1','268 Đ. Lý Thường Kiệt, Phường 14, Diên Hồng, Hồ Chí Minh 70000, Vietnam',10.771912, 106.657952),
(2,'bk cs1','268 Đ. Lý Thường Kiệt, Phường 14, Diên Hồng, Hồ Chí Minh 70000, Vietnam',10.771912, 106.657952),
(3,'cà phê gần trường','523 Tô Hiến Thành, Phường 14, Diên Hồng, Hồ Chí Minh, Vietnam',10.772427, 106.660546),
(4,'ca phe ong bau','J3 Đ. Bửu Long, Phường 15, Hòa Hưng, Hồ Chí Minh 70000, Vietnam',10.782776, 106.662352),
(5,'truong le hong phong','235 Nguyễn Văn Cừ, Phường 4, Chợ Quán, Hồ Chí Minh 70000, Vietnam',10.764133, 106.681952);
